,balls,ca_manual_cost,usa_manual_cost,arcadia_cost,ca_per_ball,usa_per_ball,arcadia_per_ball
0,10000,4315.677658186562,3712.052658186562,2000,0.014385592193955209,0.012373508860621872,0.006666666666666667
1,20000,4799.39432485323,4075.0443248532297,2000,0.007998990541422049,0.00679174054142205,0.0033333333333333335
2,30000,6250.544324853229,5164.01932485323,3000,0.006945049249836921,0.005737799249836922,0.0033333333333333335
3,40000,7701.69432485323,6252.99432485323,3000,0.006418078604044358,0.005210828604044359,0.0025
4,50000,9152.844324853231,7341.96932485323,3000,0.006101896216568821,0.00489464621656882,0.002
5,60000,10603.994324853229,8430.94432485323,3000,0.0058911079582517935,0.004683857958251794,0.0016666666666666668
6,70000,12055.14432485323,9519.91932485323,6000,0.005740544916596776,0.004533294916596776,0.002857142857142857
7,80000,13506.294324853232,10608.89432485323,6000,0.0056276226353555135,0.004420372635355513,0.0025
8,90000,14957.44432485323,11697.869324853229,6000,0.005539794194390085,0.0043325441943900846,0.0022222222222222222
